cluster_name,description
black,GREY/BLACK
black,BLACK
black,ROYAL/BLACK
black,NAVY/BLACK
black,BLACK/WHITE
black,COAL / BLACK
black,ARMY/BLACK
black,BLACK HEATHER
black,BLACK/BLACK HEATHER
black,ECO BLACK
black,BLACK/WHITE STRIPE
black,ECO TRUE BLACK
black,WASHED BLACK
black,SPOT ON ODYSSEY/BLACK
black,SPOT ON GREY/BLACK
black,GRANITE HEATHER/BLACK
black,SPOT ON PLUM DREAM/BLACK
black,BLACK/GRANITE
black,BLACK/GRANITE HEATHER/WHITE
black,STEALTH/BLACK
black,BLACK/BLACK
black,BLACK 50R PE HEATHER
black,ECO BLACK/ECO GREY
black,BLACK/GREY GLITCH STRIPE
black,AMARANTH HTR/BLACK
black,WHITE/BLACK
black,OXFORD GREY HTR/WHITE/BLACK
black,SURF THE WEB/BLACK
black,ATHLETIC ROYAL/BLACK
black,SCARLET/BLACK
black,STONE GRAY/BLACK
black,Y07758/BLACK
black,Y07753/BLACK
black,VINTAGE BLACK
black,ECO GREY/ ECO TRUE BLACK
black,ECO BLACK/ECO TRUE BLACK
black,Y07746/BLACK
black,Y07751/BLACK
black,Y07754/BLACK
black,Y07200/BLACK
black,Y07180/BLACK
black,ECO BLACK CLASSIC STRIPE
black,Y07747/BLACK
black,Y06339/BLACK
black,Y07791/BLACK PE HEATHER
black,BLACK PE HEATHER
black,Y07738/BLACK
black,TRUE BLACK
black,ECO GREY/ ECO BLACK
black,VINTAGE COAL / BLACK
black,Y06492/BLACK
black,Y06471/BLACK
black,Y06530/BLACK
black,Y06776/BLACK
black,Y07799/BLACK
black,BLACK HEATHER TRIBLEND
black,BLACK/NICKEL
black,BLACK/SMOKEGREY
black,ECO IVORY/ECO BLACK
black,HEATHER BLACK
black,GREY HEATHER/BLACK
black,Y06902/BLACK W/NAT STRIPE
black,ECO BLACK/ECO IVORY
black,SOLID BLACK TRIBLEND
black,ECO GREY/ BLACK
black,OXFORD GRAY/BLACK
black,ECO BLACK/ BLACK JUMBO STARS
black,Y06903/BLACK W/NAT STRIPE
black,ECO BLACK / URBAN GREY
black,BLACK SPACEDYE
black,ECO GREY-ECO BLACK-ECO IVORY
black,ECO LIGHT GREY / ECO BLACK
black,BLACK / WHITE / SMOKE GREY
black,EARTH BLACK
black,BLACK STARS & STRIPES
black,ECOLIGHT GREY/ECOGREY/ECOBLACK
black,BLACK REACTIVE
black,Y06958/BLACK 50R
black,BLACKBERRY CORDIAL HTR
black,BLACK-WHITE-HEATHER GREY
black,NATURAL/BLACK
black,BLACK 50R HEATHER
black,RICH BLACK
grey,NATURAL/GREY
grey,COOL GREY
grey,OXFORD GRAY/OATMEAL HTR
grey,DADA GRAY PE HEATHER
grey,DADA GREY HEATHER
grey,OATMEAL HTR/OXFORD GRAY
grey,DADA GREY/BLK
grey,GREY HEATHER
grey,ELEPHANT GREY PIGMENT
grey,ECO GREY
grey,HEATHER GREY
grey,DARK GREY LEOPARD
grey,SMOKE GREY
grey,GREY STORM
grey,EARTH GREY
grey,LIGHT GREY
grey,OXFORD GRAY
grey,WINGSPAN GREY
grey,DADA GREY/DADA GREY HEATHER
grey,DADA GREY
grey,TREKKING GREY
grey,ECO LIGHT GREY/ ECO GREY
grey,ECOGREY/ECLTGRY
grey,ATHLETIC GRAY
grey,DADA GREY BURSTS
grey,RAILROAD GRAY
grey,SPOT ON GREY
grey,TINTED CARBON GREY HEATHER
grey,OXFORD HTR/MEDIUM GRAY
grey,NEW RAILROAD GRAY
grey,ECO LIGHT GREY
grey,ECO LIGHT GREY/ECOTRUE CURRANT
grey,SMOKE GRAY
grey,NAVY/STONE GRAY
grey,CONCRETE GRAY
grey,ECO GREY CLASSIC STRIPE
grey,SILVER GRAY
grey,LIGHT GREY CAMO
grey,DARK HEATHER GREY
grey,GFS SILVER GREY
grey,ECO GREY STARS
grey,ECO GREY/ ECO TRUE NAVY
grey,ECO LIGHTGREY/ECOTRUEDUSTYPINE
grey,VINTAGE GRAY
grey,STONE GRAY
grey,ECO TRUE NAVY/ECO GREY
grey,DARK GREY
grey,SMOKE GREY / PORCELAIN
grey,PEBBLE GREY DREAMY STARS
grey,LAVENDER GREY
grey,ECOIVORY&ECGREY
grey,ECO GREY/CAMO
grey,URBAN GREY
grey,OXFORD GRAY/SLATE HEATHER
grey,ECO LIGHT GREY CLASSIC STRIPE
grey,OXFORD GREY HEATHER
grey,SMOKE GREY / VINTAGE COAL
grey,GREY WILD ROSES
grey,DUBLIN GREY HEATHER
grey,SLATE GRAY HEATHER
grey,GREY PIGMENT
grey,EARTH GREY/ EARTH COAL
grey,OXFORD GRAY HEATHER
grey,OXFORD GRAY/NAVY
grey,Y06902/OXFORD GRAY W/NT STRPE
grey,CAMO/ECO GREY
grey,Y06903/ OXFORD GRAY W/NT STRPE
grey,GREY STARS
grey,ECO IVORY / ECO GREY
grey,ECO GREY/ECO IVORY
grey,GREY CAMO
grey,OXFORD GRAY/SCARLET
grey,DADA GREY SPACEDYE
grey,DARK GREY HEATHER
grey,LIGHT GREY HEAT
grey,Y06775/DADA GREY PE HEATHER
grey,OXFORD GRAY/NAVY HEATHER
grey,ECO GREY/CAMO NECKBAND
grey,GREY TIE DYE
grey,ETRUBK/URBNGREY
grey,ECO LAVENDER GREY
grey,OXFORD GREY HTR/GRANITE HTR
grey,GREY DREAMY STARS
grey,SLATE GRAY HTR
grey,STONE GRAY CAMO
grey,ECO LIGHT GREY RIVIERA STRIPE
grey,ELEPHANT GREY
grey,OXFORD GREY/GRANITE HEATHER
grey,OXFORD GREY/SCARLET
grey,OXFORD GRAY HTR
grey,VNTLAVENDERGREY
grey,OXFORD GREY
grey,COOL GREY/NAVY
grey,LT GREY PE HEATHER
grey,LIGHT HEATHER GREY
grey,DADA GRAY CROSSDYE
brown,TAN/BROWN
brown,ARMY BROWN
brown,ECTRNUTMEGBROWN
brown,TOFFEE BROWN
brown,BROWN SUGAR OMBRE
brown,BROWN SUGAR
brown,ACORN BROWN PE HEATHER
brown,SLATE BROWN
brown,COCOA BROWN
brown,ACORN BROWN
red,RED
red,NAVY/RED/WHITE
red,RED/WHITE
red,WHITE/RED
red,RED/BLACK
red,CARMINE RED HEATHER
red,ECO TRUE RED
red,ECO REDWOOD
red,NANTUCKET RED
red,RED RIVER CLAY PE HEATHER
red,RED RIVER CLAY
red,DEEP RED
red,TEAM RED SCARLET
red,Y07749/BEST RED
red,Y07736/BEST RED
red,Y07756/BEST RED
red,ECWHITE/ECTRRED
red,ECO TRUE NAVY / ECO TRUE RED
red,APPLE RED
red,Y07287/RED
red,ECOWHITE/ECOTRUENAVY/ECOTRURED
red,ECO GREY/ ECO TRUE RED
red,Y06490/BEST RED
red,VINTAGE RED
red,Y07737/BEST RED
red,Y06518/BEST RED
red,FADED RED
red,VINTAGE COAL / RED
red,ECO IVORY/ECOTRURED/ECOTRUNAVY
red,ECOMOCKENGNERED
red,SEDONA RED
red,FIRE ROASTED RED PE HEATHER
red,BEST RED
red,ECOTRUSEDONARED
red,WHITE/DEEP RED
red,BRIGHT RED
red,SALSA RED
red,RED SPARK
red,RED TRIBLEND
red,TRUE RED STARS
red,CARMINE RED
red,Y06902/CARMNREDHTR W/NAT STRPE
red,Y06903/CARMNREDHTR W/NAT STRPE
red,HEATHER RED
red,STARS / ECO TRUE RED
red,ECO TRUE RED/ECO IVORY
red,SMOKE GREY/ RED
red,RED PIGMENT
red,VINTAGE ROYAL / RED
red,RED / NAVY
red,RED / WHITE / BLACK
red,SCARLETRED/WH
red,REDWOOD
red,ECO RED
red,VINTAGE ROYAL / WHITE / RED
red,RED CLAY
red,ECTRRED/ECBLACK
red,WHITE/NAVY / RED
red,RED RIVIERASTRP
red,PACIFICBLUSTARS/REDRIVIERASTRP
red,ECO TRUERED/RED RIVIERA STRIPE
red,WHITE/VINTAGE RED
red,LT RED PE HEATHER
red,DEEP RED HEATHER
red,SANDALWOOD RED PE HEATHER
red,SANDALWOOD RED
white,ROYAL/WHITE
white,NAVY/WHITE
white,MUSTARD/WHITE
white,WHITE/NAVY
white,WHITE
white,TRUE WHITE
white,DADA GREY/WHITE STRIPE
white,ECO WHITE
white,WHITE MIST
white,EARTH WHITE
white,WHITE/SILVERSTONE
white,VINTAGE WHITE
white,EBONY/TRUE WHITE
white,TRUE WHITE/EBONY
white,VINTAGE COAL / WHITE
white,WHITE / VINTAGE ROYAL
white,WHITE REACTIVE
white,VINTAGE ROYAL / WHITE
white,WHITE/MAIZE
white,Y06236/CHALK WHITE
white,WHITE/MAROON
white,WHITE/SCARLET
white,Y06902/WHITE W/GRAY STRIPE
white,SOLID WHITE TRIBLEND
white,Y06903/WHITE W/GRAY STRIPE
white,WHITE/C GOLD
white,WHITE PFD
white,VINTAGE COAL / WHITE / NAVY
white,SMOKEGREY/WHITE
white,WHITE / DEEP VIOLET
white,WHITE/DEEP ROYAL
white,WHITE/SHIBORI LOTUS/Y06895
white,WHITE/OXFORD GREY HEATHER DD
white,ANTIQUE WOOD/WHITE STRIPE
white,WHITE/THE HORIZON/Y06896
white,NICKEL/WHITE
white,UNITED SINCE 1776/WHITE
white,Y06449/WHITE
pink,PINK
pink,BRINY PINK
pink,RAZZLE PINK
pink,RAZZLE PINK HEATHER
pink,DADA GREY/RAZZLE PINK HEATHER
pink,LOTUS PINK HEATHER
pink,AMAZON BERRY PINK
pink,PALEO PINK
pink,WOW PINK
pink,NEON PINK HEATHER
pink,PALE BLUSH PINK
pink,PINK BOW
pink,PINKSICLE
pink,FADED PINK
pink,JAZZBERRY PINK HEATHER
pink,PALE PINK
pink,SIZZLING PINK
pink,Y07793/PALEO PINK
pink,VINTAGE FADED PINK
pink,CHALK PINK
pink,POP ART PINK/GRANITE HTHR
pink,SIZZLING PINK HEATHER
pink,PINKY PEACH
pink,SPIRITED PINK
pink,MELON PUNCH PINK
pink,Y06773/MELON PUNCH PINK
pink,LIGHT STEEL/NEON PINK HEATHER
pink,CITRUS PINK PE HEATHER
pink,WOW PINK CAMO
pink,PINK SWISH
pink,CHARITY PINK
pink,HIGHLIGHTER PINK
pink,PALE BLUSH PINK HEATHER
pink,FADED PINK PIGMENT
pink,POP ART PINK
pink,RADICAL PINK HEATHER
pink,VINTAGE PINK
pink,VINTAGE PINK / COAL
pink,ELEGANT PINK
pink,PINK TIE DYE
pink,BERRY PINK
pink,NEON PINK
pink,ECO PINK RIBBON
pink,JAZZBERRY PINK TRIBLEND
pink,BRINY PINK HTR
pink,Y07796/PALEO PINK
pink,CHALKPINKPGMENT
pink,SIZZLING PINK PE HEATHER
purple,NORTHWESTERN PURPLE
purple,PURPLE
purple,PURPLE REEF
purple,ECO TRUE DEEP PURPLE
purple,PETAL PURPLE
purple,DARK PURPLE
purple,SALTY PURPLE
purple,PURPLE PEARL HEATHER
purple,DARK PURPLE / BLACK
purple,PURPLE PLUM RAISIN
purple,ECO TRUE PURPLE
purple,Y07021/PURPLE PEARL
purple,PURPLE CACTUS BURSTS
purple,VINTAGE DARK PURPLE
blue,JUNIPER BLUE HEATHER
blue,AWESOME BLUE HTR
blue,PROCESS BLUE
blue,BLUE JAZZ HEATHER
blue,AWESOME BLUE/AWESOME BLUE HTHR
blue,BLUE WATER HEATHER
blue,UNDERWATER BLUE
blue,BOLD BLUE
blue,BAY BLUE PINDOT
blue,ECO PACIFIC BLUE
blue,TIDAL BLUE
blue,CHAMBRAY BLUE
blue,AWESOME BLUE
blue,LIGHT SKY BLUE SWIRL DOTS
blue,NEON BLUE HEATHER
blue,BLUE HORIZON
blue,LIGHT BLUE
blue,AWESOME BLUE/SURF THE WEB
blue,CAROLINA BLUE
blue,AWESOME BLUE/EBONY
blue,FLIGHT BLUE
blue,DEEP FORTE BLUE HEATHER
blue,UNDERWATER BLUE HEATHER
blue,DEEP FORTE BLUE
blue,DENIM BLUE
blue,BOLD BLUE HEATHER
blue,INDIGO BATIK BLUE
blue,ECO TRUE PACIFIC BLUE
blue,BLUE CAMO
blue,BAY BLUE
blue,ECO GREY/ECO TRUE PACIFIC BLUE
blue,BLUEICE/BAYBLUE
blue,BLUE CRUSH/ IVORY
blue,EBONY/LT SKY BLUE SWIRL DOTS
blue,PACIFIC BLUE STARS
blue,ROYAL BLUE
blue,BLUE CRUSH
blue,BLUE ALLURE
blue,PERI BLUE
blue,DEEP FORTE BLUE PE HEATHER
blue,WHITE/TEAM BLUE
blue,NEW BLUE DREAM
blue,FRESH BREATH BLUE PE HEATHER
blue,HONORABLE BLUE PE HEATHER
blue,BOLD BLUE SPACEDYE
blue,STONEWASH BLUE
blue,DARK BLUE PIGMENT
blue,WINDY SPRING BLUE PE HEATHER
blue,OUT OF THE BLUE SPACEDYE
blue,BLUE MYLAR
blue,BLUE SKY
blue,JUNIPER BLUE PE HEATHER
blue,SOOTHING BLUE
blue,LIGHT STEEL/NEON BLUE HEATHER
blue,NEW BLUE DREAM SPACEDYE
blue,OXFORD GRAY/TEAM BLUE
blue,LIGHT BLUE/NAVY
blue,PLAY BALL BLUE
blue,SUMMER SKY BLUE
blue,BLUE JAZZ
blue,BLUE SKY / WHITE / NAVY
blue,ECO PACIFIC BLUE/ECO IVORY
blue,PACIFIC BLUE
blue,CLEAR BLUE/ BAY BLUE
blue,ECO IVORY / PACIFIC BLUE STARS
blue,BLUE TIE DYE
blue,ROYAL BLUE OD
blue,BLUE FOG
blue,ECO BLUE LAGOON
blue,VINTAGE BLUE
blue,OUT OF THE BLUE
blue,BLUE SKY/ WHITE
blue,COLUMBIA BLUE
blue,Y06226/OUT OF THE BLUE
blue,ECO LIGHTGREY/PACIFICBLUESTARS
blue,MINERAL BLUE
blue,VINTAGE BAYBLUE
blue,BLUE OASIS HEATHER
blue,AWESOME BLUE/CONCRETE
blue,AWESOME BLUE HEATHER
blue,LIGHT SKY BLUE
blue,LIGHT SKY BLUE HTR
blue,VINTAGE BLUEICE
blue,RESOLUTION BLUE
blue,LT BLUE PE HEATHER
blue,GLACIER BLUE
blue,BLUE CHALK
blue,BLUE JAY PE HEATHER
blue,REGALIA BLUE PE HEATHER
blue,REGALIA BLUE
blue,SWISS BLUE
green,NURTURE GREEN HEATHER
green,CAMOUFLAGE GREEN PEBBLE CAMO
green,ECO TRUE ARMY GREEN
green,KELLY GREEN
green,CAMOUFLAGE GREEN HTR
green,ATHLETIC DARK GREEN
green,CAMOUFLAGE GREEN
green,CYPRESS GREEN
green,VARSITY GREEN
green,SAFETY GREEN
green,STONEWASHED GREEN
green,GREEN LUCK HEATHER
green,ECO TRUE GREEN
green,ECO GREY/ ECO TRUE GREEN
green,UTILITY GREEN
green,ARMY GREEN
green,AGAVE GREEN
green,LEAF GREEN
green,FATIGUE GREEN
green,DEEP GREEN
green,DARK GREEN
green,HEATHER GREEN
green,SHAMROCK GREEN
green,BREEZY GREEN TRIBLEND
green,GREEN
green,WHITE/DARK GREEN
green,BREEZY GREEN HEATHER
green,GREEN PIGMENT
green,Y06902/GREENLUCKHTR W/NT STRPE
green,GREEN LUCK
green,SPRUCE GREEN
green,CAMOUFLAGE GREEN/OXFORD GRAY
green,ECO TRUE GREEN/ECO IVORY
green,GREEN OLIVE OD RIVIERA STRIPE
green,NEON LIME GREEN
green,WHITE / GREEN
green,CAMOUFLAGE GREEN/STEALTH
green,KELLY GREEN TRIBLEND
green,SAFETY GREEN CAMO
green,REFLECTOR GREEN HEATHER
green,KELLY GREEN HEATHER
green,EVER BLUE GREEN HEATHER
green,FAIRYTALE GREEN
green,MINT TO BE GREEN PE HEATHER
green,EQUILIBRIUM GREEN PE HEATHER
green,EQUILIBRIUM GREEN
green,MINT TO BE GREEN
orange,SUNSET ORANGE
orange,ORANGE
orange,SAFETY ORANGE
orange,HORIZON ORANGE
orange,TEAM ORANGE
orange,NEON ORANGE HEATHER
orange,ECO TRUE ORANGE
orange,ORANGE OCHRE
orange,SAFETY ORANGE CAMO
orange,WHITE / SOUTHERN ORANGE
orange,SOUTHERN ORANGE
orange,CANDY ORANGE
orange,GLAZED ORANGE HEATHER
orange,SOUTHERN ORANGE/ WHITE/ BLACK
orange,BURNT ORANGE
orange,CANTALOUPE ORANGE
yellow,YELLOW
yellow,PALE YELLOW
yellow,SUMMER SQUASH YELLOW
yellow,DAFFODIL YELLOW
yellow,YELLOW OCHRE
yellow,HIGHLIGHTER YELLOW
gold,GOLD
gold,VINTAGE GOLD
gold,STAY GOLD
gold,ROYAL GOLD PE HEATHER
gold,C/GOLD
gold,TEAM GOLD
gold,SUNSET GOLD
gold,ECO STAY GOLD
gold,ECO TRUE GOLD
gold,GOLD TIE DYE
gold,WARM GOLD
gold,ECO WARM GOLD
gold,STAY GOLD CLASSIC STRIPE
gold,ECO OATMEAL/ECO WARM GOLD
gold,GOLDEN HAZE
gold,ALLGOOD GOLD
Cluster 4,CAMOUFLAGE
Cluster 4,INDIGO
Cluster 4,MAPLE
Cluster 4,OLIVE
Cluster 4,CHAMBRAY
Cluster 4,SAND
Cluster 4,CAMO DREAMSTATE
Cluster 4,CAMO
Cluster 4,CHARCOAL
Cluster 4,TANGERINE
Cluster 4,KHAKI
Cluster 4,ARMY
Cluster 4,OATMEAL
Cluster 4,TWILIGHT
Cluster 4,TINY HOUNDSTOOTH
Cluster 4,AMARANTH
Cluster 4,PLUM DREAM
Cluster 4,FRESH BERRY/FRESH BERRY HEATHR
Cluster 4,UPBEAT TEAL
Cluster 4,FRESH BERRY
Cluster 4,ORNGTROPICLPALM
Cluster 4,MIDNIGHT
Cluster 4,VIOLET STONE
Cluster 4,STRAWBERRY ROUGE
Cluster 4,ROSE QUARTZ
Cluster 4,MIDNIGHT RIVSTR
Cluster 4,ECLGYCTRYFLORAL
Cluster 4,PLUM PORT
Cluster 4,NICKEL
Cluster 4,STEALTH
Cluster 4,VINTAGEAGAVEGRN
Cluster 4,IVORY
Cluster 4,SEA PINE PIGMENT
Cluster 4,STARS
Cluster 4,CONCRETE
Cluster 4,VNTGLAVENDRGRY
Cluster 4,FATIGUE TIGER CAMO
Cluster 4,CAVIAR
Cluster 4,LIGHT STEEL
Cluster 4,WINGSPAN PLUM DREAM
Cluster 4,GEO DRFTS #10556-DADA GRY/EBNY
Cluster 4,CW01 UPBEAT TEAL
Cluster 4,GANITE HTHR/ODYSSEY/WSHD LIME
Cluster 4,WINGSPAN ODYSSEY
Cluster 4,KHAKI CAMO
Cluster 4,CONCRETE SWIRL DOTS
Cluster 4,TEAL TROPICAL PALM
Cluster 4,HYDRO BURSTS
Cluster 4,ICED MOCHA
Cluster 4,URBAN LILAC
Cluster 4,NATURAL
Cluster 4,JAVA FROST TAN
Cluster 4,MULLED BERRY
Cluster 4,CONCENTRATED CORAL
Cluster 4,OREGANO
Cluster 4,CACTUS
Cluster 4,CLEAN MINT
Cluster 4,DEEP FOREST
Cluster 4,DEEP ROYAL
Cluster 4,OCNTLODSESDESTR
Cluster 4,NICKEL/WASHEDBK
Cluster 4,GRAPHITE
Cluster 4,MAROON
Cluster 4,SCARLET/TONAL
Cluster 4,COAL
Cluster 4,ASH
Cluster 4,CARDINAL
Cluster 4,ATHLETIC ROYAL
Cluster 4,TEAM MAROON
Cluster 4,SURF THE WEB
Cluster 4,CARGO OLIVE
Cluster 4,CRIMSON
Cluster 4,SPOT ON ODYSSEY
Cluster 4,AMARANTH BURSTS
Cluster 4,SPOT ON PLUM DREAM
Cluster 4,STORMY NIGHT
Cluster 4,SCARLET
Cluster 4,ROSE BLOOM
Cluster 4,FANTASTIC FUCHSIA
Cluster 4,NUDE
Cluster 4,PARIS NUDE
Cluster 4,AMARANTH SWIRL DOTS
Cluster 4,ASPHALT
Cluster 4,CRIMSON FALL
Cluster 4,LAVENDER
Cluster 4,FOREST GROVE
Cluster 4,HERITAGE ROYAL
Cluster 4,SPANISH MOSS
Cluster 4,SALTWATER
Cluster 4,MINT
Cluster 4,Y07196/EMERALD NIGHT
Cluster 4,ANCHOR SLATE
Cluster 4,VINTAGE DENIM
Cluster 4,CAYENNE
Cluster 4,GRY CABIN PLAID
Cluster 4,VINTAGE KHAKI
Cluster 4,Y07286/EMERALD NIGHT
Cluster 4,ASH DREAMSTATE
Cluster 4,ECWHT/ECPACFCBL
Cluster 4,CURRANT
Cluster 4,Y07748/EMERALD NIGHT
Cluster 4,LIME
Cluster 4,WHTBOLDLEOPARD
Cluster 4,Y07755/EMERALD NIGHT
Cluster 4,NVCLSSCHRRNGBNE
Cluster 4,ECOTRU POSEIDON
Cluster 4,FRESHWATER
Cluster 4,Y07745/LT STEEL
Cluster 4,TEAM SCARLET
Cluster 4,GRCLASSCHRRNGBN
Cluster 4,AMERICAN DITSY
Cluster 4,VINTAGE ROYAL
Cluster 4,TEAL
Cluster 4,WINE
Cluster 4,FIG
Cluster 4,VINTAGE COAL
Cluster 4,WHISKEY ROSE
Cluster 4,ECSMBR/ECIV/EBK
Cluster 4,Y07285/EMERALD NIGHT
Cluster 4,SUNSET CORAL
Cluster 4,Y07752/LT STEEL
Cluster 4,PORCELAIN
Cluster 4,SILVER
Cluster 4,VINTAGE SPANISH MOSS
Cluster 4,ROSE QUARTZ DREAMY STARS
Cluster 4,WSHDBLKSHDWROSE
Cluster 4,WASHED DENIM
Cluster 4,PEACH
Cluster 4,FIG/IVORY
Cluster 4,BRITISH KHAKI
Cluster 4,Y07792/PLUM PORT
Cluster 4,WINTER RIVER TEAL/GRNITE HTHR
Cluster 4,VINTCOAL/PORCEL
Cluster 4,VNTGEALPINETEAL
Cluster 4,MILITARY
Cluster 4,SPECTRUM SPIRAL TIE DYE
Cluster 4,ROSE
Cluster 4,AQUA
Cluster 4,Y06513/EMERALD NIGHT
Cluster 4,SERAC
Cluster 4,JADE PINE
Cluster 4,SALTWATER OMBRE
Cluster 4,MAUVE
Cluster 4,METALLIC TEAL
Cluster 4,PARCHMENT
Cluster 4,ANTIQUE JADE
Cluster 4,MUTED IRIS
Cluster 4,FLYING TURQUOISE
Cluster 4,VINTAGE IRIS
Cluster 4,VIOLET SPLENDOR
Cluster 4,MAIZE
Cluster 4,VINTAGE STONE
Cluster 4,MULLED BERRY PE HTR
Cluster 4,ECOTRUEVIRIDIAN
Cluster 4,PLUM DREAM/PAISLEY PEAC/Y06899
Cluster 4,DEEP VIOLET
Cluster 4,DEEP DIVE
Cluster 4,PLUM PORT SPACEDYE
Cluster 4,ASSORTMENT A2
Cluster 4,LILAC WASH
Cluster 4,VIVID FUCHSIA/STRNG VBS/Y06898
Cluster 4,VIVID FUCHSIA
Cluster 4,CHARISMA CORAL
Cluster 4,ECOLTGRY/ECOBLK
Cluster 4,ECTRMDNT/ECTRRD
Cluster 4,SULFURE
Cluster 4,VELVET EVENING
Cluster 4,ROYAL TRIBLEND
Cluster 4,LEOPARD
Cluster 4,FADED TEAL
Cluster 4,EARTH COAL
Cluster 4,TOURMALINE
Cluster 4,ROYAL
Cluster 4,Y06774/PLUM DREAM
Cluster 4,GEO BANDANA
Cluster 4,ECTRUNVY/ECLGYM
Cluster 4,LILAC ORCHID
Cluster 4,HNS NVY/FUEL YOUR PASSN/Y06893
Cluster 4,ECOIV/CAMO
Cluster 4,PUMPKIN
Cluster 4,LILAC MIST
Cluster 4,CAPRIBLDRIPSTRP
Cluster 4,VINTAGE PINE
Cluster 4,ECGRY/ECRSEQRTZ
Cluster 4,Y06903/LOTUSPNKHTR W/NATSTRIPE
Cluster 4,PEBBLESTONE CROSSDYE
Cluster 4,BLUSH CAMO
Cluster 4,BURNT BRICK
Cluster 4,ASSORTMENT A3
Cluster 4,BERRY DELIGHT SPACEDYE
Cluster 4,ECLTGR/ECPACBLU
Cluster 4,ECGY/ETRSDONARD
Cluster 4,IVORYBLCKPINDOT
Cluster 4,MILTARY GREN TRBLEND
Cluster 4,ECOTRUBK/ECOIV
Cluster 4,COAL PIGMENT
Cluster 4,CORAL CRAZE
Cluster 4,ECOIVORY SEASIDESTRIPE-FREEDOM
Cluster 4,ECOGH/ECOPACBLU
Cluster 4,STONE PIGMENT
Cluster 4,Y07795/STRAWBERRY ROUGE
Cluster 4,ECOTM/ECTRANTBL
Cluster 4,SLATE TRIBLEND
Cluster 4,ETRGHWWTHRDSTRP
Cluster 4,MIDNIGHT PIGMNT
Cluster 4,ETSTYGLD/ETMDNT
Cluster 4,SAPPHIRE
Cluster 4,EDSTYPN/ETDSTYP
Cluster 4,PINE
Cluster 4,ECOIV/ECOPACBLU
Cluster 4,CREAM
Cluster 4,ETRUPCBL/ETRURD
Cluster 4,ECGR/ETALPNTEAL
Cluster 4,CRANBERRY
Cluster 4,WASHED LIME
Cluster 4,SEABRZODRVRASTR
Cluster 4,ECOIV/ECOBRGNDY
Cluster 4,ECIVRY/TNVY/TRD
Cluster 4,BRONZE
Cluster 4,SLATE CAMO
Cluster 4,WSHDRSEODRIVSTR
Cluster 4,EARTH NATURAL
Cluster 4,GRAPE TRIBLEND
Cluster 4,ANTIQUE WILD ROSES
Cluster 4,TURQUOISE TRIBLEND
Cluster 4,BLUCRSHDRMYSTRS
Cluster 4,PETRO TEAL
Cluster 4,ECIVR/ECGLCRBLU
Cluster 4,ASSORTMENT A1
Cluster 4,GRASS
Cluster 4,ECTRCRNT/ECIVRY
Cluster 4,ECOGH RIVSTRIPE
Cluster 4,ECOTRUBK/ECOGH
Cluster 4,ECTRUALPINETEAL
Cluster 4,OXFRD GY HTHR DD/GRNT HTHR DD
Cluster 4,VINTAGE MAROON
Cluster 4,AZALEA
Cluster 4,Y06501/LIGHT STEEL
Cluster 4,ECOGH IRNWTHSTR
Cluster 4,SYCAMORE
Cluster 4,LAUREL WREATH
Cluster 4,VINTAGE ARMYGRN
Cluster 4,VINTAGE ROSE
Cluster 4,WSHD LM/I'D RTHR BE SHP/Y06901
Cluster 4,MIN BLU PIGMENT
Cluster 4,VINTAGECLEARBLU
Cluster 4,ETRUMD/MDRIVSTR
Cluster 4,ECOGH/ECGHRIVST
Cluster 4,TARMAC
Cluster 4,ROSE QUARTZ PIGMENT
Cluster 4,WINE PIGMENT
Cluster 4,VINTAGESPICEDCORAL/VINTAGENAVY
Cluster 4,VINT WHT REACTV
Cluster 4,DUSTY PINE
Cluster 4,RDRIVSTRP-INDIE
Cluster 4,LIGHT AQUA
Cluster 4,HYDRO
Cluster 4,SURF THE WEB/STEALTH
Cluster 4,GLACIERBLU PIGM
Cluster 4,EOTCLSCSTP/ECOT
Cluster 4,MDTRVSTRRDRVSTR
Cluster 4,PEONY
Cluster 4,ANTBLODCLSICSTR
Cluster 4,ENCHANTED LILAC
Cluster 4,CLAY
Cluster 4,TANGY MELON
Cluster 4,DESERT TAN
Cluster 4,GRAPE SMOKE
Cluster 4,VINTAGE OAT
Cluster 4,CHAMPION SCARLET
Cluster 4,JASPER
Cluster 4,ODYSSEY
Cluster 4,VOYAGE TEAL
Cluster 4,ULTRA MARINE
Cluster 4,PLM DREAM/WELL BLNCD/Y06890
Cluster 4,STONE
Cluster 4,INARI
Cluster 4,SUMMER SPLASH
Cluster 4,SOLAR CRIMSON
Cluster 1,LIGHT NAVY
Cluster 1,NAVY
Cluster 1,NAVY HEATHER
Cluster 1,NAVY SPACEDYE
Cluster 1,ATHLETIC NAVY
Cluster 1,ATHLETIC NAVY PE HEATHER
Cluster 1,NAVY STARS
Cluster 1,HANES NAVY
Cluster 1,MIDNIGHT NAVY
Cluster 1,Y07734/NAVY
Cluster 1,Y07735/NAVY
Cluster 1,TEAM NAVY
Cluster 1,VINTAGE NAVY
Cluster 1,Y06336/NAVY
Cluster 1,HEATHER NAVY
Cluster 1,Y06527/NAVY
Cluster 1,Y06529/NAVY
Cluster 1,ECO NAVY
Cluster 1,VINTAGE NAVY / NAVY
Cluster 1,PORCELAIN/ NAVY
Cluster 1,NAVY/VINT NAVY
Cluster 1,NAVY PE HEATHER
Cluster 1,ECOGH/NAVY CAMO
Cluster 1,LIGHT STEEL/NAVY
Cluster 1,SOLID NAVY TRIBLEND
Cluster 1,HEATHER MIDNIGHT NAVY
Cluster 1,GRYHEATHER/NAVY
Cluster 1,NAVY TRIBLEND
Cluster 1,HYDRO HEATHER (DD)/NAVY
Cluster 1,DEEP NAVY
Cluster 1,ATHLETIC NAVY HEATHER
Cluster 1,REGAL NAVY HEATHER
Cluster 7,GRANITE HEATHER
Cluster 7,LIGHT STEEL HEATHER
Cluster 7,VIOLET TOUCH HEATHER
Cluster 7,ROSE BLUSH HEATHER
Cluster 7,FRESH BERRY HEATHER
Cluster 7,CHARCOAL HEATHER
Cluster 7,STRAWBERRY ROUGE HEATHER
Cluster 7,PLUM PORT HEATHER
Cluster 7,OATMEAL HEATHER
Cluster 7,CACTUS PE HEATHER
Cluster 7,OREGANO HEATHER
Cluster 7,CONCRETE PE HEATHER
Cluster 7,CONCRETE MARLED HEATHER
Cluster 7,WHEAT HEATHER
Cluster 7,NEON LEMON HEATHER
Cluster 7,FOG HEATHER/FOG HEATHER
Cluster 7,SLATE HEATHER
Cluster 7,VIOLET SPLENDOR HEATHER
Cluster 7,Y07757/SLATE HEATHER
Cluster 7,Y07750/SLATE HEATHER
Cluster 7,HEATHER DRIFTWOOD
Cluster 7,DEEP DIVE HEATHER
Cluster 7,LAVENDER INDIGO HEATHER
Cluster 7,SPRING LILAC HEATHER
Cluster 7,SLATE PE HEATHER
Cluster 7,SILVERSTONE HEATHER
Cluster 7,ATHLETIC ROYAL HEATHER
Cluster 7,LIGHT STEEL/CHARCOAL HEATHER
Cluster 7,ASH HEATHER
Cluster 7,NEON LIME HEATHER
Cluster 7,FOREST GROVE PE HEATHER
Cluster 7,HEATHER ROYAL
Cluster 7,SURF THE WEB HEATHER
Cluster 7,SCARLET HEATHER
Cluster 7,SCARLET HEATHER DD/STEALTH
Cluster 7,MID CHARCOAL HEATHER
Cluster 7,ARAMANTH HEATHER
Cluster 7,DIRTY HEATHER
Cluster 7,DEEP RASPBERRY HEATHER
Cluster 7,GRAPE SPLASH PE HEATHER
Cluster 7,TURQUOISE HEATHER
Cluster 7,PINE HEATHER
Cluster 7,CRANBERRY TART HEATHER
Cluster 7,HEATHER SUNSET CORAL
Cluster 7,HEATHER AQUA
Cluster 7,HEATHER DESERT TAN
Cluster 7,OREGANO PE HEATHER
Cluster 7,SILVERSTONE PE HEATHER
Cluster 7,INARI PE HEATHER
Cluster 7,PEBBLESTONE HEATHER
Cluster 7,URBAN LILAC PE HEATHER
Cluster 7,CACTUS HEATHER
Cluster 7,CONCENTRATED CORAL PE HEATHER
Cluster 3,EBONY
Cluster 3,EBONY SPACEDYE
Cluster 3,EBONY HEATHER
Cluster 3,NEW EBONY
Cluster 3,EBONY STRIPE
Cluster 3,GEO DRFTS #10556-AMRNTH/EBONY
Cluster 3,EBONY/EBONY
Cluster 3,CHARCOAL HEATHER/EBONY
Cluster 3,SCARLET/EBONY
Cluster 2,ECO TEAL
Cluster 2,ECO TRUE MIDNIGHT
Cluster 2,ECO ROSE QUARTZ
Cluster 2,ECO SUNSETCORAL
Cluster 2,ECO TRUE NAVY
Cluster 2,ECO TRUE SEA PINE
Cluster 2,ECO MOCK NICKEL
Cluster 2,ECO IVORY SEASIDE STRIPE
Cluster 2,ECO TRUE CURRANT
Cluster 2,ECO TRUE MOLE
Cluster 2,ECO TRUE CAMEL
Cluster 2,ECO TRUE DUSTY PINE
Cluster 2,ECO AQUA
Cluster 2,ECO SUMMER BRRY
Cluster 2,ECO PEACH
Cluster 2,ECO TRUE EMPERADOR
Cluster 2,ECO IVORY
Cluster 2,ECO TRUE SEA TURTLE
Cluster 2,ECO TRUE RUST
Cluster 2,ECO CANVAS
Cluster 2,ECO TRUE ROSE QUARTZ
Cluster 2,ECO IVORY/ECO TRUE BURGUNDY
Cluster 2,ECO TRUE ROYAL
Cluster 2,ECO IVORY INK STRIPE
Cluster 2,ECO WHEAT STITCH STRIPE
Cluster 2,ECO TRUE TURQ
Cluster 2,ECO WHEAT
Cluster 2,ECO MOCK STORM
Cluster 2,ECO TRUE HUCKLEBERRY
Cluster 2,ECO TRUE BRONZE
Cluster 2,ECO TRUE SPICED CLAY
Cluster 2,ECO DRIFTWOOD
Cluster 2,ECO MOCK MIDNT
Cluster 2,ECO NAVY / ECO TRUE NAVY
Cluster 2,ECO GLACIER BLU
Cluster 2,ECO BLK-ECO IVRY INKSTRP-ECOGH
Cluster 2,ECO TRUE PALE VIOLET
Cluster 8,DARK NAVY
Cluster 8,DARK NAVY/IVORY
Cluster 8,ECO TRUE DARK OLIVE
Cluster 8,DARK SCREE
Cluster 8,DARK CHOCOLATE
Cluster 8,DARK AQUAMARINE HEATHER
Cluster 8,DARK TEAL
Cluster 8,DARK AQUAMARINE
Cluster 8,DARK EGGPLANT
Cluster 8,DARK TRUFFLE
Cluster 8,DARK PLUM
Cluster 8,DARK OLIVE
Cluster 8,DARK CHOCOLATE HEATHER
Cluster 6,OCEAN DEPTHS
Cluster 6,OCEAN DEPTHS HTR
Cluster 6,Y07794/OCEAN DEPTHS
Cluster 6,EARTH OCEAN
Cluster 6,Y07797/OCEAN DEPTHS
Cluster 6,HAWAIIAN OCEAN HEATHER
Cluster 5,NEW FROSTY LAVENDER STRIPE
Cluster 5,MIDNIGHT SEASIDE STRIPE
Cluster 5,HYDRO GLITCH STRIPE
Cluster 5,AMARANTH GLITCH STRIPE
Cluster 5,OXFORD HTR/OATMEAL HTR
Cluster 5,OATMEAL HTR/OXFORD HTR
Cluster 5,Y06902/BLUJAZZHTR W/NAT STRIPE
Cluster 5,AMARANTH HTR
Cluster 5,Y06903/BLUJAZZHTR W/NAT STRIPE
Cluster 5,Y06902/ATH ROY HTR W/NAT STRPE
Cluster 5,Y06903/NAVY HTR W/NAT STRIPE
Cluster 5,Y06902/NAVY HTR W/NAT STRIPE
Cluster 5,Y06903/OATMEALHTR W/GRY STRIPE
Cluster 5,Y06903/ATH ROY HTR W/NAT STRPE
Cluster 5,Y06902/CHAR HTR W/NAT STRIPE
Cluster 5,Y06902/OATMEALHTR W/GRY STRIPE
Cluster 5,Y06903/CHAR HTR W/NAT STRIPE
Cluster 5,MIDNIGHT RIVIERA STRIPE - USA
Cluster 5,SILVER LAKE OD SEASIDE STRIPE
Cluster 5,SCARLET HTR
Cluster 5,ATHELTIC ROYAL HTR
Cluster 5,CURRANT OD CLASSIC STRIPE
Cluster 5,SPICED CORAL OD RIVIERA STRIPE
